video,date,batch,experiment_type,left_shelter_odor,right_shelter_odor,animal_id,time_left_shelter,time_right_shelter,time_open_area,percent_left,percent_right,percent_open,preferred_zone,preferred_odor,PI_stimulus,PI_total,PI_shelter,total_video_time,total_frames,valid_frames,frames_left_shelter,frames_right_shelter,error
Basler_G07_acA2040-90um (24827095)_20250828_130547622DLC_Resnet50_Group_AnalysisSep5shuffle1_snapshot_best-180_el.csv,2025-08-28,7,Iso/Nothing,Iso,Nothing,individual_c03,0.0,0.0,600.5,0.0,0.0,100.0,open_area,open_area,0.0,0.0,0.0,600.5,1201,714,0,0,
Basler_G07_acA2040-90um (24827095)_20250828_130547622DLC_Resnet50_Group_AnalysisSep5shuffle1_snapshot_best-180_el.csv,2025-08-28,7,Iso/Nothing,Iso,Nothing,individual_c02,11.5,2.0,587.0,1.9150707743547042,0.33305578684429643,97.751873438801,left_shelter,Iso,0.7037037037037037,0.01582014987510408,0.8518518518518519,600.5,1201,843,23,4,
Basler_G07_acA2040-90um (24827095)_20250828_130547622DLC_Resnet50_Group_AnalysisSep5shuffle1_snapshot_best-180_el.csv,2025-08-28,7,Iso/Nothing,Iso,Nothing,individual_c01,1.0,2.0,597.5,0.16652789342214822,0.33305578684429643,99.50041631973356,right_shelter,Nothing,0.3333333333333333,0.0016652789342214821,0.6666666666666666,600.5,1201,794,2,4,
Basler_G07_acA2040-90um (24827095)_20250828_130547622DLC_Resnet50_Group_AnalysisSep5shuffle1_snapshot_best-180_el.csv,2025-08-28,7,Iso/Nothing,Iso,Nothing,individual_c00,3.0,0.0,597.5,0.4995836802664446,0.0,99.50041631973356,left_shelter,Iso,1.0,0.004995836802664446,1.0,600.5,1201,914,6,0,
Basler_G07_acA2040-90um (24827095)_20250828_130547622DLC_Resnet50_Group_AnalysisSep5shuffle1_snapshot_best-180_el.csv,2025-08-28,7,Iso/Nothing,Iso,Nothing,individual_c04,0.5,2.5,597.5,0.08326394671107411,0.4163197335553705,99.50041631973356,right_shelter,Nothing,0.6666666666666666,0.0033305578684429643,0.8333333333333334,600.5,1201,657,1,5,
Basler_G03_acA2040-90um (24827095)_20250823_174448601DLC_Resnet50_Group_AnalysisSep5shuffle1_snapshot_best-180_el.csv,2025-08-23,3,Feces/Nothing,Nothing,Feces,individual_c03,1.0,0.0,599.5,0.16652789342214822,0.0,99.83347210657784,left_shelter,Nothing,1.0,0.0016652789342214821,1.0,600.5,1201,604,2,0,
Basler_G03_acA2040-90um (24827095)_20250823_174448601DLC_Resnet50_Group_AnalysisSep5shuffle1_snapshot_best-180_el.csv,2025-08-23,3,Feces/Nothing,Nothing,Feces,individual_c02,0.0,0.0,600.5,0.0,0.0,100.0,open_area,open_area,0.0,0.0,0.0,600.5,1201,492,0,0,
Basler_G03_acA2040-90um (24827095)_20250823_174448601DLC_Resnet50_Group_AnalysisSep5shuffle1_snapshot_best-180_el.csv,2025-08-23,3,Feces/Nothing,Nothing,Feces,individual_c01,1.0,1.0,598.5,0.16652789342214822,0.16652789342214822,99.6669442131557,open_area,open_area,0.0,0.0,0.0,600.5,1201,797,2,2,
Basler_G03_acA2040-90um (24827095)_20250823_174448601DLC_Resnet50_Group_AnalysisSep5shuffle1_snapshot_best-180_el.csv,2025-08-23,3,Feces/Nothing,Nothing,Feces,individual_c00,3.5,2.5,594.5,0.5828476269775187,0.4163197335553705,99.0008326394671,left_shelter,Nothing,0.16666666666666666,0.0016652789342214821,0.5833333333333334,600.5,1201,812,7,5,
Basler_G03_acA2040-90um (24827095)_20250823_174448601DLC_Resnet50_Group_AnalysisSep5shuffle1_snapshot_best-180_el.csv,2025-08-23,3,Feces/Nothing,Nothing,Feces,individual_c04,0.0,5.5,595.0,0.0,0.9159034138218152,99.08409658617818,right_shelter,Feces,1.0,0.009159034138218152,1.0,600.5,1201,601,0,11,
Basler_G04_acA2040-90um (24827095)_20250822_173238702DLC_Resnet50_Group_AnalysisSep5shuffle1_snapshot_best-180_el.csv,2025-08-22,4,Feces/Nothing,Feces,Nothing,individual_c03,0.0,0.0,600.5,0.0,0.0,100.0,open_area,open_area,0.0,0.0,0.0,600.5,1201,416,0,0,
Basler_G04_acA2040-90um (24827095)_20250822_173238702DLC_Resnet50_Group_AnalysisSep5shuffle1_snapshot_best-180_el.csv,2025-08-22,4,Feces/Nothing,Feces,Nothing,individual_c02,0.0,0.0,600.5,0.0,0.0,100.0,open_area,open_area,0.0,0.0,0.0,600.5,1201,469,0,0,
Basler_G04_acA2040-90um (24827095)_20250822_173238702DLC_Resnet50_Group_AnalysisSep5shuffle1_snapshot_best-180_el.csv,2025-08-22,4,Feces/Nothing,Feces,Nothing,individual_c01,0.0,0.0,600.5,0.0,0.0,100.0,open_area,open_area,0.0,0.0,0.0,600.5,1201,682,0,0,
Basler_G04_acA2040-90um (24827095)_20250822_173238702DLC_Resnet50_Group_AnalysisSep5shuffle1_snapshot_best-180_el.csv,2025-08-22,4,Feces/Nothing,Feces,Nothing,individual_c00,0.5,0.5,599.5,0.08326394671107411,0.08326394671107411,99.83347210657784,open_area,open_area,0.0,0.0,0.0,600.5,1201,614,1,1,
Basler_G04_acA2040-90um (24827095)_20250822_173238702DLC_Resnet50_Group_AnalysisSep5shuffle1_snapshot_best-180_el.csv,2025-08-22,4,Feces/Nothing,Feces,Nothing,individual_c04,0.0,0.0,600.5,0.0,0.0,100.0,open_area,open_area,0.0,0.0,0.0,600.5,1201,551,0,0,
Basler_G06_acA2040-90um (24827095)_20250827_152835726DLC_Resnet50_Group_AnalysisSep5shuffle1_snapshot_best-180_el.csv,2025-08-27,6,Iso/Feces,Feces,Iso,individual_c03,0.5,0.0,600.0,0.08326394671107411,0.0,99.91673605328893,left_shelter,Feces,1.0,0.0008326394671107411,1.0,600.5,1201,180,1,0,
Basler_G06_acA2040-90um (24827095)_20250827_152835726DLC_Resnet50_Group_AnalysisSep5shuffle1_snapshot_best-180_el.csv,2025-08-27,6,Iso/Feces,Feces,Iso,individual_c02,0.0,0.0,600.5,0.0,0.0,100.0,open_area,open_area,0.0,0.0,0.0,600.5,1201,126,0,0,
Basler_G06_acA2040-90um (24827095)_20250827_152835726DLC_Resnet50_Group_AnalysisSep5shuffle1_snapshot_best-180_el.csv,2025-08-27,6,Iso/Feces,Feces,Iso,individual_c01,1.5,0.0,599.0,0.2497918401332223,0.0,99.75020815986679,left_shelter,Feces,1.0,0.002497918401332223,1.0,600.5,1201,711,3,0,
Basler_G06_acA2040-90um (24827095)_20250827_152835726DLC_Resnet50_Group_AnalysisSep5shuffle1_snapshot_best-180_el.csv,2025-08-27,6,Iso/Feces,Feces,Iso,individual_c00,1.5,1.0,598.0,0.2497918401332223,0.16652789342214822,99.58368026644463,left_shelter,Feces,0.2,0.0008326394671107411,0.6,600.5,1201,786,3,2,
Basler_G06_acA2040-90um (24827095)_20250827_152835726DLC_Resnet50_Group_AnalysisSep5shuffle1_snapshot_best-180_el.csv,2025-08-27,6,Iso/Feces,Feces,Iso,individual_c04,0.0,0.0,600.5,0.0,0.0,100.0,open_area,open_area,0.0,0.0,0.0,600.5,1201,568,0,0,
Basler_G05_acA2040-90um (24827095)_20250826_154726773DLC_Resnet50_Group_AnalysisSep5shuffle1_snapshot_best-180_el.csv,2025-08-26,5,Iso/Feces,Iso,Feces,individual_c03,0.5,2.0,598.0,0.08326394671107411,0.33305578684429643,99.58368026644463,right_shelter,Feces,0.6,0.002497918401332223,0.8,600.5,1201,349,1,4,
Basler_G05_acA2040-90um (24827095)_20250826_154726773DLC_Resnet50_Group_AnalysisSep5shuffle1_snapshot_best-180_el.csv,2025-08-26,5,Iso/Feces,Iso,Feces,individual_c02,0.0,2.5,598.0,0.0,0.4163197335553705,99.58368026644463,right_shelter,Feces,1.0,0.004163197335553705,1.0,600.5,1201,354,0,5,
Basler_G05_acA2040-90um (24827095)_20250826_154726773DLC_Resnet50_Group_AnalysisSep5shuffle1_snapshot_best-180_el.csv,2025-08-26,5,Iso/Feces,Iso,Feces,individual_c01,0.0,1.0,599.5,0.0,0.16652789342214822,99.83347210657784,right_shelter,Feces,1.0,0.0016652789342214821,1.0,600.5,1201,516,0,2,
Basler_G05_acA2040-90um (24827095)_20250826_154726773DLC_Resnet50_Group_AnalysisSep5shuffle1_snapshot_best-180_el.csv,2025-08-26,5,Iso/Feces,Iso,Feces,individual_c00,1.5,2.5,596.5,0.2497918401332223,0.4163197335553705,99.33388842631142,right_shelter,Feces,0.25,0.0016652789342214821,0.625,600.5,1201,760,3,5,
Basler_G05_acA2040-90um (24827095)_20250826_154726773DLC_Resnet50_Group_AnalysisSep5shuffle1_snapshot_best-180_el.csv,2025-08-26,5,Iso/Feces,Iso,Feces,individual_c04,0.5,0.0,600.0,0.08326394671107411,0.0,99.91673605328893,left_shelter,Iso,1.0,0.0008326394671107411,1.0,600.5,1201,630,1,0,
Basler_G09_acA2040-90um (24827095)_20250830_144838281DLC_Resnet50_Group_AnalysisSep5shuffle1_snapshot_best-180_el.csv,2025-08-30,9,Feces/Nothing,Nothing,Feces,individual_c03,1.0,0.5,599.0,0.16652789342214822,0.08326394671107411,99.75020815986679,left_shelter,Nothing,0.3333333333333333,0.0008326394671107411,0.6666666666666666,600.5,1197,287,2,1,
Basler_G09_acA2040-90um (24827095)_20250830_144838281DLC_Resnet50_Group_AnalysisSep5shuffle1_snapshot_best-180_el.csv,2025-08-30,9,Feces/Nothing,Nothing,Feces,individual_c02,0.0,2.5,598.0,0.0,0.4163197335553705,99.58368026644463,right_shelter,Feces,1.0,0.004163197335553705,1.0,600.5,1197,383,0,5,
Basler_G09_acA2040-90um (24827095)_20250830_144838281DLC_Resnet50_Group_AnalysisSep5shuffle1_snapshot_best-180_el.csv,2025-08-30,9,Feces/Nothing,Nothing,Feces,individual_c01,0.0,1.5,599.0,0.0,0.2497918401332223,99.75020815986679,right_shelter,Feces,1.0,0.002497918401332223,1.0,600.5,1197,670,0,3,
Basler_G09_acA2040-90um (24827095)_20250830_144838281DLC_Resnet50_Group_AnalysisSep5shuffle1_snapshot_best-180_el.csv,2025-08-30,9,Feces/Nothing,Nothing,Feces,individual_c00,0.0,2.0,598.5,0.0,0.33305578684429643,99.6669442131557,right_shelter,Feces,1.0,0.0033305578684429643,1.0,600.5,1197,700,0,4,
Basler_G09_acA2040-90um (24827095)_20250830_144838281DLC_Resnet50_Group_AnalysisSep5shuffle1_snapshot_best-180_el.csv,2025-08-30,9,Feces/Nothing,Nothing,Feces,individual_c04,0.0,4.5,596.0,0.0,0.7493755203996669,99.25062447960033,right_shelter,Feces,1.0,0.00749375520399667,1.0,600.5,1197,209,0,9,
Basler_G10_acA2040-90um (24827095)_20250831_150526766DLC_Resnet50_Group_AnalysisSep5shuffle1_snapshot_best-180_el.csv,2025-08-31,10,Feces/Nothing,Feces,Nothing,individual_c03,0.0,1.0,599.5,0.0,0.16652789342214822,99.83347210657784,right_shelter,Nothing,1.0,0.0016652789342214821,1.0,600.5,1201,599,0,2,
Basler_G10_acA2040-90um (24827095)_20250831_150526766DLC_Resnet50_Group_AnalysisSep5shuffle1_snapshot_best-180_el.csv,2025-08-31,10,Feces/Nothing,Feces,Nothing,individual_c02,1.0,0.5,599.0,0.16652789342214822,0.08326394671107411,99.75020815986679,left_shelter,Feces,0.3333333333333333,0.0008326394671107411,0.6666666666666666,600.5,1201,758,2,1,
Basler_G10_acA2040-90um (24827095)_20250831_150526766DLC_Resnet50_Group_AnalysisSep5shuffle1_snapshot_best-180_el.csv,2025-08-31,10,Feces/Nothing,Feces,Nothing,individual_c01,0.0,0.0,600.5,0.0,0.0,100.0,open_area,open_area,0.0,0.0,0.0,600.5,1201,504,0,0,
Basler_G10_acA2040-90um (24827095)_20250831_150526766DLC_Resnet50_Group_AnalysisSep5shuffle1_snapshot_best-180_el.csv,2025-08-31,10,Feces/Nothing,Feces,Nothing,individual_c00,0.5,1.0,599.0,0.08326394671107411,0.16652789342214822,99.75020815986679,right_shelter,Nothing,0.3333333333333333,0.0008326394671107411,0.6666666666666666,600.5,1201,770,1,2,
Basler_G10_acA2040-90um (24827095)_20250831_150526766DLC_Resnet50_Group_AnalysisSep5shuffle1_snapshot_best-180_el.csv,2025-08-31,10,Feces/Nothing,Feces,Nothing,individual_c04,0.5,0.0,600.0,0.08326394671107411,0.0,99.91673605328893,left_shelter,Feces,1.0,0.0008326394671107411,1.0,600.5,1201,667,1,0,
Basler_G02_acA2040-90um (24827095)_20250820_161513132DLC_Resnet50_Group_AnalysisSep5shuffle1_snapshot_best-180_el.csv,2025-08-20,2,Iso/Nothing,Iso,Nothing,individual_c03,3.5,0.0,597.0,0.5828476269775187,0.0,99.41715237302247,left_shelter,Iso,1.0,0.005828476269775187,1.0,600.5,1199,319,7,0,
Basler_G02_acA2040-90um (24827095)_20250820_161513132DLC_Resnet50_Group_AnalysisSep5shuffle1_snapshot_best-180_el.csv,2025-08-20,2,Iso/Nothing,Iso,Nothing,individual_c02,0.0,3.0,597.5,0.0,0.4995836802664446,99.50041631973356,right_shelter,Nothing,1.0,0.004995836802664446,1.0,600.5,1199,434,0,6,
Basler_G02_acA2040-90um (24827095)_20250820_161513132DLC_Resnet50_Group_AnalysisSep5shuffle1_snapshot_best-180_el.csv,2025-08-20,2,Iso/Nothing,Iso,Nothing,individual_c01,1.5,0.5,598.5,0.2497918401332223,0.08326394671107411,99.6669442131557,left_shelter,Iso,0.5,0.0016652789342214821,0.75,600.5,1199,569,3,1,
Basler_G02_acA2040-90um (24827095)_20250820_161513132DLC_Resnet50_Group_AnalysisSep5shuffle1_snapshot_best-180_el.csv,2025-08-20,2,Iso/Nothing,Iso,Nothing,individual_c00,0.0,1.0,599.5,0.0,0.16652789342214822,99.83347210657784,right_shelter,Nothing,1.0,0.0016652789342214821,1.0,600.5,1199,483,0,2,
Basler_G02_acA2040-90um (24827095)_20250820_161513132DLC_Resnet50_Group_AnalysisSep5shuffle1_snapshot_best-180_el.csv,2025-08-20,2,Iso/Nothing,Iso,Nothing,individual_c04,0.0,0.0,600.5,0.0,0.0,100.0,open_area,open_area,0.0,0.0,0.0,600.5,1199,342,0,0,
Basler_G08_acA2040-90um (24827095)_20250829_132827504DLC_Resnet50_Group_AnalysisSep5shuffle1_snapshot_best-180_el.csv,2025-08-29,8,Iso/Nothing,Iso,Nothing,individual_c03,0.5,1.5,598.5,0.08326394671107411,0.2497918401332223,99.6669442131557,right_shelter,Nothing,0.5,0.0016652789342214821,0.75,600.5,1201,779,1,3,
Basler_G08_acA2040-90um (24827095)_20250829_132827504DLC_Resnet50_Group_AnalysisSep5shuffle1_snapshot_best-180_el.csv,2025-08-29,8,Iso/Nothing,Iso,Nothing,individual_c02,0.5,0.0,600.0,0.08326394671107411,0.0,99.91673605328893,left_shelter,Iso,1.0,0.0008326394671107411,1.0,600.5,1201,840,1,0,
Basler_G08_acA2040-90um (24827095)_20250829_132827504DLC_Resnet50_Group_AnalysisSep5shuffle1_snapshot_best-180_el.csv,2025-08-29,8,Iso/Nothing,Iso,Nothing,individual_c01,0.0,0.0,600.5,0.0,0.0,100.0,open_area,open_area,0.0,0.0,0.0,600.5,1201,563,0,0,
Basler_G08_acA2040-90um (24827095)_20250829_132827504DLC_Resnet50_Group_AnalysisSep5shuffle1_snapshot_best-180_el.csv,2025-08-29,8,Iso/Nothing,Iso,Nothing,individual_c00,0.0,0.0,600.5,0.0,0.0,100.0,open_area,open_area,0.0,0.0,0.0,600.5,1201,708,0,0,
Basler_G08_acA2040-90um (24827095)_20250829_132827504DLC_Resnet50_Group_AnalysisSep5shuffle1_snapshot_best-180_el.csv,2025-08-29,8,Iso/Nothing,Iso,Nothing,individual_c04,0.5,1.5,598.5,0.08326394671107411,0.2497918401332223,99.6669442131557,right_shelter,Nothing,0.5,0.0016652789342214821,0.75,600.5,1201,573,1,3,
Basler_G01_acA2040-90um (24827095)_20250821_162405597DLC_Resnet50_Group_AnalysisSep5shuffle1_snapshot_best-180_el.csv,2025-08-21,1,Iso/Nothing,Iso,Nothing,individual_c03,0.5,0.5,599.5,0.08326394671107411,0.08326394671107411,99.83347210657784,open_area,open_area,0.0,0.0,0.0,600.5,1201,709,1,1,
Basler_G01_acA2040-90um (24827095)_20250821_162405597DLC_Resnet50_Group_AnalysisSep5shuffle1_snapshot_best-180_el.csv,2025-08-21,1,Iso/Nothing,Iso,Nothing,individual_c02,1.5,0.0,599.0,0.2497918401332223,0.0,99.75020815986679,left_shelter,Iso,1.0,0.002497918401332223,1.0,600.5,1201,859,3,0,
Basler_G01_acA2040-90um (24827095)_20250821_162405597DLC_Resnet50_Group_AnalysisSep5shuffle1_snapshot_best-180_el.csv,2025-08-21,1,Iso/Nothing,Iso,Nothing,individual_c01,0.0,0.5,600.0,0.0,0.08326394671107411,99.91673605328893,right_shelter,Nothing,1.0,0.0008326394671107411,1.0,600.5,1201,926,0,1,
Basler_G01_acA2040-90um (24827095)_20250821_162405597DLC_Resnet50_Group_AnalysisSep5shuffle1_snapshot_best-180_el.csv,2025-08-21,1,Iso/Nothing,Iso,Nothing,individual_c00,2.0,2.0,596.5,0.33305578684429643,0.33305578684429643,99.33388842631142,open_area,open_area,0.0,0.0,0.0,600.5,1201,710,4,4,
Basler_G01_acA2040-90um (24827095)_20250821_162405597DLC_Resnet50_Group_AnalysisSep5shuffle1_snapshot_best-180_el.csv,2025-08-21,1,Iso/Nothing,Iso,Nothing,individual_c04,1.0,0.0,599.5,0.16652789342214822,0.0,99.83347210657784,left_shelter,Iso,1.0,0.0016652789342214821,1.0,600.5,1201,776,2,0,
